iter,objective,grad_norm
0.000000000000000000e+00,5.730098361286532963e+03,8.592209215483843582e+04
1.000000000000000000e+00,5.686156316467522629e+02,1.455551716011500866e+04
2.000000000000000000e+00,3.690254683445321575e+02,7.824831023378582358e+03
3.000000000000000000e+00,3.033160168679996787e+02,5.695258266503441519e+03
4.000000000000000000e+00,2.663811615652173828e+02,4.669473756313816011e+03
5.000000000000000000e+00,2.408805937548846430e+02,4.032157865573864001e+03
6.000000000000000000e+00,2.215920063413639127e+02,3.582503886034181960e+03
7.000000000000000000e+00,2.062106403537924280e+02,3.247599252247046479e+03
8.000000000000000000e+00,1.934872539212776701e+02,2.981585780992446416e+03
9.000000000000000000e+00,1.827122635714764556e+02,2.763882092985297277e+03
1.000000000000000000e+01,1.734163358902548850e+02,2.582089801179134156e+03
1.100000000000000000e+01,1.652775125781333827e+02,2.427616607057895635e+03
1.200000000000000000e+01,1.580651700885849493e+02,2.293610584006783483e+03
1.300000000000000000e+01,1.516138635404019226e+02,2.176307231469115777e+03
1.400000000000000000e+01,1.457951076442969622e+02,2.072033657146814676e+03
1.500000000000000000e+01,1.405130199270851676e+02,1.978655097464535856e+03
1.600000000000000000e+01,1.356897479904558566e+02,1.894442210859669103e+03
1.700000000000000000e+01,1.312641037408728266e+02,1.817286995436614234e+03
1.800000000000000000e+01,1.271880125259269505e+02,1.746404080113775763e+03
1.900000000000000000e+01,1.234199033627744626e+02,1.681743103356880056e+03
2.000000000000000000e+01,1.199227429592204572e+02,1.622123887713129989e+03
2.100000000000000000e+01,1.166666429901461868e+02,1.566940848823317083e+03
2.200000000000000000e+01,1.136267766176970468e+02,1.515202438701856636e+03
2.300000000000000000e+01,1.107828079354109718e+02,1.466810385603897203e+03
2.400000000000000000e+01,1.081160154097164110e+02,1.421607302483216017e+03
2.500000000000000000e+01,1.056099563535360204e+02,1.379018516688311820e+03
2.600000000000000000e+01,1.032508739819864161e+02,1.338714668116804205e+03
2.700000000000000000e+01,1.010265940572068644e+02,1.300945413643334859e+03
2.800000000000000000e+01,9.892498830988698444e+01,1.265466076063234595e+03
2.900000000000000000e+01,9.693578613114881648e+01,1.231745570428217434e+03
3.000000000000000000e+01,9.505061129064478109e+01,1.199748951491863636e+03
3.100000000000000000e+01,9.326125539243369644e+01,1.169710450416638196e+03
3.200000000000000000e+01,9.155970593430214421e+01,1.141280555979143401e+03
3.300000000000000000e+01,8.993927286990927428e+01,1.114333476770053949e+03
3.400000000000000000e+01,8.839412366888861072e+01,1.088513993578645341e+03
3.500000000000000000e+01,8.691936875216725866e+01,1.063835581781569772e+03
3.600000000000000000e+01,8.551036899609894704e+01,1.040277440782883559e+03
3.700000000000000000e+01,8.416259868598035609e+01,1.017933404700660503e+03
3.800000000000000000e+01,8.287176848824694275e+01,9.966003808499913248e+02
3.900000000000000000e+01,8.163422168098580300e+01,9.761060125800358946e+02
4.000000000000000000e+01,8.044682541016305777e+01,9.564082321432897515e+02
4.100000000000000000e+01,7.930666279412616859e+01,9.374589984965133453e+02
4.200000000000000000e+01,7.821094245916025045e+01,9.193786953662601036e+02
4.300000000000000000e+01,7.715687378036366795e+01,9.020038635012840587e+02
4.400000000000000000e+01,7.614205052846143928e+01,8.853223519994623985e+02
4.500000000000000000e+01,7.516423816456067186e+01,8.692668790762688786e+02
4.600000000000000000e+01,7.422137409486299475e+01,8.538494404628227130e+02
4.700000000000000000e+01,7.331147490448415738e+01,8.390516303236724980e+02
4.800000000000000000e+01,7.243271975039199617e+01,8.247302770629823954e+02
4.900000000000000000e+01,7.158362529277088981e+01,8.107963591910281593e+02
5.000000000000000000e+01,7.076286008181132559e+01,7.973654999623850017e+02
5.100000000000000000e+01,6.996890336183371062e+01,7.844498801992716608e+02
5.200000000000000000e+01,6.920032535855629874e+01,7.720361787904664652e+02
5.300000000000000000e+01,6.845578485355675014e+01,7.599933377354273034e+02
5.400000000000000000e+01,6.773418386408614822e+01,7.484032106668730648e+02
5.500000000000000000e+01,6.703428061652097369e+01,7.372706521734327225e+02
5.600000000000000000e+01,6.635491837163813500e+01,7.265680774181349761e+02
5.700000000000000000e+01,6.569504924918690847e+01,7.162144474797394196e+02
5.800000000000000000e+01,6.505376498504388394e+01,7.061832775369191495e+02
5.900000000000000000e+01,6.443025319314259036e+01,6.964375779057979798e+02
6.000000000000000000e+01,6.382378931720182180e+01,6.869359231922112485e+02
6.100000000000000000e+01,6.323368149302680763e+01,6.777421436291377859e+02
6.200000000000000000e+01,6.265920923672899079e+01,6.687953775695882541e+02
6.300000000000000000e+01,6.209976634004876672e+01,6.600444405523790010e+02
6.400000000000000000e+01,6.155481427124263405e+01,6.515585538484068593e+02
6.500000000000000000e+01,6.102373680073009155e+01,6.432904307451033219e+02
6.600000000000000000e+01,6.050600392168553299e+01,6.352434867536512684e+02
6.700000000000000000e+01,6.000110850554785458e+01,6.273746080112017580e+02
6.800000000000000000e+01,5.950861227994190727e+01,6.196879865227020900e+02
6.900000000000000000e+01,5.902805715759250660e+01,6.122385124692789304e+02
7.000000000000000000e+01,5.855894832176170439e+01,6.049733010128476280e+02
7.100000000000000000e+01,5.810085592082623407e+01,5.979308762153405041e+02
7.200000000000000000e+01,5.765333053612059899e+01,5.910702849777164829e+02
7.300000000000000000e+01,5.721597334718050121e+01,5.843907618506051449e+02
7.400000000000000000e+01,5.678841574912041068e+01,5.778776415159283033e+02
7.500000000000000000e+01,5.637030450537543658e+01,5.715182866136980238e+02
7.600000000000000000e+01,5.596131381689341566e+01,5.653015533829769765e+02
7.700000000000000000e+01,5.556115533837478893e+01,5.592102783078850052e+02
7.800000000000000000e+01,5.516955163972765774e+01,5.532494678911932624e+02
7.900000000000000000e+01,5.478623196153368724e+01,5.474001542696911429e+02
8.000000000000000000e+01,5.441096527686350015e+01,5.416425455367749464e+02
8.100000000000000000e+01,5.404352994117498810e+01,5.360182268870360076e+02
8.200000000000000000e+01,5.368365565840082354e+01,5.305356719716892258e+02
8.300000000000000000e+01,5.333107457967138743e+01,5.251981666847595989e+02
8.400000000000000000e+01,5.298553656015696589e+01,5.199674351497924363e+02
8.500000000000000000e+01,5.264682384893350786e+01,5.148586760705496772e+02
8.600000000000000000e+01,5.231471558533601041e+01,5.098523386595634861e+02
8.700000000000000000e+01,5.198901524860283274e+01,5.049656700532938203e+02
8.800000000000000000e+01,5.166949821324728731e+01,5.002184924908198127e+02
8.900000000000000000e+01,5.135593433427320775e+01,4.955918869950855878e+02
9.000000000000000000e+01,5.104813398806769698e+01,4.910424281453724120e+02
9.100000000000000000e+01,5.074594386290651471e+01,4.865780028425372166e+02
9.200000000000000000e+01,5.044920960068928650e+01,4.822016968702711779e+02
9.300000000000000000e+01,5.015776952848564463e+01,4.779282049572065603e+02
9.400000000000000000e+01,4.987145693539483915e+01,4.737558636454382395e+02
9.500000000000000000e+01,4.959010575252410291e+01,4.696575551855245294e+02
9.600000000000000000e+01,4.931359600989114966e+01,4.656156200484425653e+02
9.700000000000000000e+01,4.904181590784085643e+01,4.616424801979152335e+02
9.800000000000000000e+01,4.877463797203716922e+01,4.577603592278031783e+02
9.900000000000000000e+01,4.851192701587137890e+01,4.539331729731310361e+02
1.000000000000000000e+02,4.825357904309932877e+01,4.501824543636909652e+02
1.010000000000000000e+02,4.799947387314647074e+01,4.464894349589920353e+02
1.020000000000000000e+02,4.774951607483453131e+01,4.428529551211800595e+02
1.030000000000000000e+02,4.750359734458029237e+01,4.392942797644236634e+02
1.040000000000000000e+02,4.726161083048565814e+01,4.357791266041780318e+02
1.050000000000000000e+02,4.702347570758605855e+01,4.323133286854134667e+02
1.060000000000000000e+02,4.678910578240522966e+01,4.289015403163278393e+02
1.070000000000000000e+02,4.655841466245565385e+01,4.255427808325602541e+02
1.080000000000000000e+02,4.633131129585525088e+01,4.222447662275356493e+02
1.090000000000000000e+02,4.610771363914556531e+01,4.189811921556757852e+02
1.100000000000000000e+02,4.588754959037226655e+01,4.157773505301462933e+02
1.110000000000000000e+02,4.567073191117903264e+01,4.126283165610682317e+02
1.120000000000000000e+02,4.545717957064910308e+01,4.095346902975988996e+02
1.130000000000000000e+02,4.524680762256103606e+01,4.064960982595086989e+02
1.140000000000000000e+02,4.503953929089622932e+01,4.035028821185406400e+02
1.150000000000000000e+02,4.483530828137948987e+01,4.005492911267470504e+02
1.160000000000000000e+02,4.463404816954039234e+01,3.976514630966924528e+02
1.170000000000000000e+02,4.443568271250004642e+01,3.948047449153059461e+02
1.180000000000000000e+02,4.424013428898720690e+01,3.920251868898723160e+02
1.190000000000000000e+02,4.404732386611524220e+01,3.892905357106499764e+02
1.200000000000000000e+02,4.385718839248757916e+01,3.865934615149238311e+02
1.210000000000000000e+02,4.366967637048367834e+01,3.839250208468268966e+02
1.220000000000000000e+02,4.348473872365305226e+01,3.813015558019527020e+02
1.230000000000000000e+02,4.330231411937203490e+01,3.787137115847684186e+02
1.240000000000000000e+02,4.312235610322583312e+01,3.761500163884834365e+02
1.250000000000000000e+02,4.294482012534466264e+01,3.736374978015304578e+02
1.260000000000000000e+02,4.276963958450035364e+01,3.711679874940592185e+02
1.270000000000000000e+02,4.259676615765984309e+01,3.687197880489242721e+02
1.280000000000000000e+02,4.242616059695568254e+01,3.663113946792983029e+02
1.290000000000000000e+02,4.225777316952081719e+01,3.639329818819977049e+02
1.300000000000000000e+02,4.209156237402996226e+01,3.615809074972667077e+02
1.310000000000000000e+02,4.192749070109237408e+01,3.592562726857619282e+02
1.320000000000000000e+02,4.176551953267349404e+01,3.569564234494962420e+02
1.330000000000000000e+02,4.160561070585446686e+01,3.546924055306232049e+02
1.340000000000000000e+02,4.144772055307162617e+01,3.524562191484802725e+02
1.350000000000000000e+02,4.129181343698081008e+01,3.502463783255261660e+02
1.360000000000000000e+02,4.113784961635971626e+01,3.480703141818829067e+02
1.370000000000000000e+02,4.098579177175804489e+01,3.459163455004073739e+02
1.380000000000000000e+02,4.083560458541457194e+01,3.438018793920548433e+02
1.390000000000000000e+02,4.068724439175687735e+01,3.417130012561716512e+02
1.400000000000000000e+02,4.054068029075844493e+01,3.396440230993260911e+02
1.410000000000000000e+02,4.039588003651815029e+01,3.376146635446862092e+02
1.420000000000000000e+02,4.025280297633261029e+01,3.356045577243142475e+02
1.430000000000000000e+02,4.011142161499145686e+01,3.336199206593339568e+02
1.440000000000000000e+02,3.997170416003780247e+01,3.316671593624096772e+02
1.450000000000000000e+02,3.983361248745046623e+01,3.297501353184635491e+02
1.460000000000000000e+02,3.969710848942946058e+01,3.278604772649147208e+02
1.470000000000000000e+02,3.956216230264643485e+01,3.259911345733592611e+02
1.480000000000000000e+02,3.942874937748217690e+01,3.241377762211341746e+02
1.490000000000000000e+02,3.929684859465621827e+01,3.222975610034717988e+02
1.500000000000000000e+02,3.916644016858283806e+01,3.204762991824575806e+02
1.510000000000000000e+02,3.903749775023559465e+01,3.186811939958782887e+02
1.520000000000000000e+02,3.890999234197691692e+01,3.169146337832654581e+02
1.530000000000000000e+02,3.878389351796143103e+01,3.151776889710364458e+02
1.540000000000000000e+02,3.865916833495513316e+01,3.134709661421400710e+02
1.550000000000000000e+02,3.853578753352731212e+01,3.117848939332665168e+02
1.560000000000000000e+02,3.841372836027657911e+01,3.101191782628566784e+02
1.570000000000000000e+02,3.829296872747253389e+01,3.084681748937166503e+02
1.580000000000000000e+02,3.817349061923671627e+01,3.068295269461212342e+02
1.590000000000000000e+02,3.805527722625082987e+01,3.052082041052530030e+02
1.600000000000000000e+02,3.793830597115656644e+01,3.036147340320262629e+02
1.610000000000000000e+02,3.782254947548040747e+01,3.020509059209008456e+02
1.620000000000000000e+02,3.770797935119366429e+01,3.005076701523282736e+02
1.630000000000000000e+02,3.759457484073774935e+01,2.989852587184080903e+02
1.640000000000000000e+02,3.748231450433679868e+01,2.974786441741505314e+02
1.650000000000000000e+02,3.737118159598522027e+01,2.959851174382844761e+02
1.660000000000000000e+02,3.726115982040574437e+01,2.945110601702562008e+02
1.670000000000000000e+02,3.715223014941005175e+01,2.930484954974963330e+02
1.680000000000000000e+02,3.704437909328969170e+01,2.915983081072864138e+02
1.690000000000000000e+02,3.693758811495562355e+01,2.901829583057967739e+02
1.700000000000000000e+02,3.683182795476442095e+01,2.887907754793205868e+02
1.710000000000000000e+02,3.672707838950853443e+01,2.874139258798089713e+02
1.720000000000000000e+02,3.662332455815938204e+01,2.860467106216702859e+02
1.730000000000000000e+02,3.652055514997873331e+01,2.846880058895594061e+02
1.740000000000000000e+02,3.641875628985335567e+01,2.833584560485449515e+02
1.750000000000000000e+02,3.631790287739006118e+01,2.820491840118799018e+02
1.760000000000000000e+02,3.621797888901024010e+01,2.807499412043491702e+02
1.770000000000000000e+02,3.611897119991492389e+01,2.794690394947839991e+02
1.780000000000000000e+02,3.602086332469631458e+01,2.782012253507231208e+02
1.790000000000000000e+02,3.592364323063664244e+01,2.769409817367630922e+02
1.800000000000000000e+02,3.582730134457008120e+01,2.756904716169373160e+02
1.810000000000000000e+02,3.573182690087881497e+01,2.744492057534404239e+02
1.820000000000000000e+02,3.563720924492498909e+01,2.732191581535207661e+02
1.830000000000000000e+02,3.554343742350128821e+01,2.719966625100769306e+02
1.840000000000000000e+02,3.545050224418081797e+01,2.707851995128455087e+02
1.850000000000000000e+02,3.535839166056541671e+01,2.695870996632996253e+02
1.860000000000000000e+02,3.526709327104652658e+01,2.683992484480245366e+02
1.870000000000000000e+02,3.517659695992993818e+01,2.672214877517164950e+02
1.880000000000000000e+02,3.508689259463408661e+01,2.660513277127414540e+02
1.890000000000000000e+02,3.499797187612961125e+01,2.648878570120374434e+02
1.900000000000000000e+02,3.490982677046874727e+01,2.637325515247820249e+02
1.910000000000000000e+02,3.482244832836877180e+01,2.625849427717877802e+02
1.920000000000000000e+02,3.473582841578050306e+01,2.614438716171933379e+02
1.930000000000000000e+02,3.464995852129540310e+01,2.603159019238761402e+02
1.940000000000000000e+02,3.456482462551085177e+01,2.592144531676167389e+02
1.950000000000000000e+02,3.448040797710117289e+01,2.581283505629525052e+02
1.960000000000000000e+02,3.439669336033065861e+01,2.570704367195276632e+02
1.970000000000000000e+02,3.431366240380376098e+01,2.560215911812142622e+02
1.980000000000000000e+02,3.423130728418315982e+01,2.549788037002869885e+02
1.990000000000000000e+02,3.414962144454364079e+01,2.539416719641060922e+02
2.000000000000000000e+02,3.406859854681499655e+01,2.529101630736207085e+02
2.010000000000000000e+02,3.398823228492887694e+01,2.518846089448489352e+02
2.020000000000000000e+02,3.390851618493319108e+01,2.508648795088792269e+02
2.030000000000000000e+02,3.382944388074015052e+01,2.498533811091357677e+02
2.040000000000000000e+02,3.375100539797926302e+01,2.488611314165112844e+02
2.050000000000000000e+02,3.367318700433732204e+01,2.478826257297286304e+02
2.060000000000000000e+02,3.359597935831090609e+01,2.469078486989495218e+02
2.070000000000000000e+02,3.351937743345324350e+01,2.459397961174361740e+02
2.080000000000000000e+02,3.344337344388691946e+01,2.449852426582122291e+02
2.090000000000000000e+02,3.336795731460291847e+01,2.440421617171598427e+02
2.100000000000000000e+02,3.329311965857126410e+01,2.431092298989829601e+02
2.110000000000000000e+02,3.321885193069908127e+01,2.421859376318774082e+02
2.120000000000000000e+02,3.314514655003609533e+01,2.412716912775974549e+02
2.130000000000000000e+02,3.307199553742389497e+01,2.403672660023980825e+02
2.140000000000000000e+02,3.299939060223160681e+01,2.394753835746589061e+02
2.150000000000000000e+02,3.292732278296634263e+01,2.385904371499355818e+02
2.160000000000000000e+02,3.285578591422755323e+01,2.377149775695121718e+02
2.170000000000000000e+02,3.278477416853250759e+01,2.368328799637988880e+02
2.180000000000000000e+02,3.271428856234072668e+01,2.359542257548923203e+02
2.190000000000000000e+02,3.264432475682110635e+01,2.350809170823015961e+02
2.200000000000000000e+02,3.257487735672204821e+01,2.342142244846344852e+02
2.210000000000000000e+02,3.250594076088005124e+01,2.333534006568413588e+02
2.220000000000000000e+02,3.243750939756330354e+01,2.324988906582668164e+02
2.230000000000000000e+02,3.236957809613680581e+01,2.316492616822483797e+02
2.240000000000000000e+02,3.230214198767011879e+01,2.308049749462076363e+02
2.250000000000000000e+02,3.223519639069758114e+01,2.299648557131278608e+02
2.260000000000000000e+02,3.216873689494997990e+01,2.291303583401168282e+02
2.270000000000000000e+02,3.210275854586765831e+01,2.283027431799063152e+02
2.280000000000000000e+02,3.203725415097866147e+01,2.274895534108512720e+02
2.290000000000000000e+02,3.197221512602040505e+01,2.266818039340003850e+02
2.300000000000000000e+02,3.190763700036264083e+01,2.258779751811571828e+02
2.310000000000000000e+02,3.184351590981977864e+01,2.250781012802552823e+02
2.320000000000000000e+02,3.177984762690972076e+01,2.242852141289094448e+02
2.330000000000000000e+02,3.171662677485665327e+01,2.234970397734709024e+02
2.340000000000000000e+02,3.165384880937309475e+01,2.227173080462365533e+02
2.350000000000000000e+02,3.159150744920264131e+01,2.219444532358483286e+02
2.360000000000000000e+02,3.152959767982705586e+01,2.211770293111498802e+02
2.370000000000000000e+02,3.146811441115014318e+01,2.204203361260320833e+02
2.380000000000000000e+02,3.140704987707380980e+01,2.196750814394821418e+02
2.390000000000000000e+02,3.134639611147551719e+01,2.189405832811988262e+02
2.400000000000000000e+02,3.128614708146389489e+01,2.182104114663968346e+02
2.410000000000000000e+02,3.122629887425005535e+01,2.174848519443178532e+02
2.420000000000000000e+02,3.116684738389395548e+01,2.167684856770011947e+02
2.430000000000000000e+02,3.110778595743220620e+01,2.160591127006564989e+02
2.440000000000000000e+02,3.104911032955212491e+01,2.153529795973883552e+02
2.450000000000000000e+02,3.099081727131263975e+01,2.146519094852681064e+02
2.460000000000000000e+02,3.093290269607276954e+01,2.139575849682262287e+02
2.470000000000000000e+02,3.087536146969440409e+01,2.132695051689318007e+02
2.480000000000000000e+02,3.081818924003516358e+01,2.125876322809026249e+02
2.490000000000000000e+02,3.076138174550259663e+01,2.119096363546398720e+02
2.500000000000000000e+02,3.070493574269488590e+01,2.112357726331939318e+02
2.510000000000000000e+02,3.064884763607997442e+01,2.105692722030915149e+02
2.520000000000000000e+02,3.059311239558767781e+01,2.099075168117407486e+02
2.530000000000000000e+02,3.053772681123785304e+01,2.092486835602086614e+02
2.540000000000000000e+02,3.048268824628089035e+01,2.085927579926954820e+02
2.550000000000000000e+02,3.042799408604863842e+01,2.079397257607327276e+02
2.560000000000000000e+02,3.037364173747973695e+01,2.072896040113354843e+02
2.570000000000000000e+02,3.031962852876304382e+01,2.066430324308093134e+02
2.580000000000000000e+02,3.026595154267804944e+01,2.060006194698529214e+02
2.590000000000000000e+02,3.021260757295198474e+01,2.053604689639310266e+02
2.600000000000000000e+02,3.015959465892039049e+01,2.047234966402197927e+02
2.610000000000000000e+02,3.010690946345564356e+01,2.040926572442693328e+02
2.620000000000000000e+02,3.005454829741431766e+01,2.034655553049957462e+02
2.630000000000000000e+02,3.000250807527613617e+01,2.028424559037508175e+02
2.640000000000000000e+02,2.995078600131026647e+01,2.022220717707624260e+02
2.650000000000000000e+02,2.989937955568939287e+01,2.016063271556408552e+02
2.660000000000000000e+02,2.984828538194114245e+01,2.009942228289741877e+02
2.670000000000000000e+02,2.979750077798103547e+01,2.003873245379785715e+02
2.680000000000000000e+02,2.974702150885772767e+01,1.997876733137551355e+02
2.690000000000000000e+02,2.969684375624422046e+01,1.991924445219945596e+02
2.700000000000000000e+02,2.964696335979839503e+01,1.986069993631842578e+02
2.710000000000000000e+02,2.959737549639259768e+01,1.980256584192897549e+02
2.720000000000000000e+02,2.954807727715459009e+01,1.974473993833772454e+02
2.730000000000000000e+02,2.949906641308436761e+01,1.968722247397393801e+02
2.740000000000000000e+02,2.945034076058595929e+01,1.962975329997812253e+02
2.750000000000000000e+02,2.940189882266952637e+01,1.957308459468817716e+02
2.760000000000000000e+02,2.935373443140688465e+01,1.951765907265648252e+02
2.770000000000000000e+02,2.930584228021274029e+01,1.946258165920834529e+02
2.780000000000000000e+02,2.925821966598516610e+01,1.940789901415881502e+02
2.790000000000000000e+02,2.921086400909290859e+01,1.935376362819375231e+02
2.800000000000000000e+02,2.916377134190852516e+01,1.930033702420570592e+02
2.810000000000000000e+02,2.911693801099119483e+01,1.924725730626613540e+02
2.820000000000000000e+02,2.907036151736019391e+01,1.919469699201755191e+02
2.830000000000000000e+02,2.902403881860266210e+01,1.914236885359808582e+02
2.840000000000000000e+02,2.897796853349346691e+01,1.909009962756283301e+02
2.850000000000000000e+02,2.893214921808097273e+01,1.903829087616749973e+02
2.860000000000000000e+02,2.888657783260795497e+01,1.898691770511139225e+02
2.870000000000000000e+02,2.884125192599639931e+01,1.893577301903560510e+02
2.880000000000000000e+02,2.879616979981792824e+01,1.888483127416484706e+02
2.890000000000000000e+02,2.875132983343807780e+01,1.883409156726046660e+02
2.900000000000000000e+02,2.870673035978228782e+01,1.878363259313790934e+02
2.910000000000000000e+02,2.866236931781669739e+01,1.873353501970139234e+02
2.920000000000000000e+02,2.861824409579843476e+01,1.868392246837209427e+02
2.930000000000000000e+02,2.857435220713951551e+01,1.863450363990091603e+02
2.940000000000000000e+02,2.853069164065869856e+01,1.858569595477478629e+02
2.950000000000000000e+02,2.848725952468442912e+01,1.853697884322198206e+02
2.960000000000000000e+02,2.844405468573249252e+01,1.848852623893672273e+02
2.970000000000000000e+02,2.840107520227627091e+01,1.844034332427122536e+02
2.980000000000000000e+02,2.835831935610858068e+01,1.839241460770935532e+02
2.990000000000000000e+02,2.831578504693884923e+01,1.834492720577689227e+02
3.000000000000000000e+02,2.827347002736461334e+01,1.829761926548407303e+02
3.010000000000000000e+02,2.823137290519428788e+01,1.825049004608966356e+02
3.020000000000000000e+02,2.818949228837456644e+01,1.820356203627247851e+02
3.030000000000000000e+02,2.814782639102303108e+01,1.815729400987082727e+02
3.040000000000000000e+02,2.810637107659240641e+01,1.811175528091513627e+02
3.050000000000000000e+02,2.806512338209070023e+01,1.806638360671836949e+02
3.060000000000000000e+02,2.802408167881678480e+01,1.802161411624115601e+02
3.070000000000000000e+02,2.798324258062284642e+01,1.797732175679237230e+02
3.080000000000000000e+02,2.794260376918370881e+01,1.793344615973957730e+02
3.090000000000000000e+02,2.790216255035404913e+01,1.789001618351070988e+02
3.100000000000000000e+02,2.786191691425170447e+01,1.784674072469555597e+02
3.110000000000000000e+02,2.782186566913184933e+01,1.780365259464950611e+02
3.120000000000000000e+02,2.778200749708394568e+01,1.776073941042706394e+02
3.130000000000000000e+02,2.774234101095548866e+01,1.771818042533128619e+02
3.140000000000000000e+02,2.770286398994928945e+01,1.767603759890453148e+02
3.150000000000000000e+02,2.766357448652701123e+01,1.763404162221681588e+02
3.160000000000000000e+02,2.762447135870287696e+01,1.759224824528407112e+02
3.170000000000000000e+02,2.758555310176957320e+01,1.755077530303895514e+02
3.180000000000000000e+02,2.754681807076750033e+01,1.750944714040466010e+02
3.190000000000000000e+02,2.750826520001680464e+01,1.746826137603778477e+02
3.200000000000000000e+02,2.746989336488824307e+01,1.742730859160067496e+02
3.210000000000000000e+02,2.743170110569728593e+01,1.738654453214656144e+02
3.220000000000000000e+02,2.739368725896003554e+01,1.734592051879359644e+02
3.230000000000000000e+02,2.735585079624660665e+01,1.730543601743713680e+02
3.240000000000000000e+02,2.731819066816112596e+01,1.726518830026915055e+02
3.250000000000000000e+02,2.728070481418705029e+01,1.722562145501258328e+02
3.260000000000000000e+02,2.724339048733471103e+01,1.718620901404747769e+02
3.270000000000000000e+02,2.720624665928388453e+01,1.714695630484851847e+02
3.280000000000000000e+02,2.716927219399866189e+01,1.710788194174035084e+02
3.290000000000000000e+02,2.713246600535022424e+01,1.706893902016921629e+02
3.300000000000000000e+02,2.709582707833183335e+01,1.703028242268396468e+02
3.310000000000000000e+02,2.705935331942245625e+01,1.699225267347547401e+02
3.320000000000000000e+02,2.702304204410866006e+01,1.695445009354968136e+02
3.330000000000000000e+02,2.698689210955321371e+01,1.691677703840967411e+02
3.340000000000000000e+02,2.695090238077240130e+01,1.687943287052260644e+02
3.350000000000000000e+02,2.691507132121348533e+01,1.684224569520301316e+02
3.360000000000000000e+02,2.687939779872693435e+01,1.680527331918725338e+02
3.370000000000000000e+02,2.684388068173758057e+01,1.676842569440984221e+02
3.380000000000000000e+02,2.680851910134035165e+01,1.673169923289648011e+02
3.390000000000000000e+02,2.677331220960889624e+01,1.669509180329201001e+02
3.400000000000000000e+02,2.673825916779835410e+01,1.665860297795046847e+02
3.410000000000000000e+02,2.670335914224046192e+01,1.662223233134489249e+02
3.420000000000000000e+02,2.666861130430833882e+01,1.658597944004989415e+02
3.430000000000000000e+02,2.663401483038167328e+01,1.654984388272463036e+02
3.440000000000000000e+02,2.659956890181213751e+01,1.651382524009576969e+02
3.450000000000000000e+02,2.656527270488907888e+01,1.647792309494081167e+02
3.460000000000000000e+02,2.653112540798267105e+01,1.644217397247975327e+02
3.470000000000000000e+02,2.649712603600285377e+01,1.640656533843216209e+02
3.480000000000000000e+02,2.646327354320369096e+01,1.637129100256590277e+02
3.490000000000000000e+02,2.642956633073722017e+01,1.633617975433562037e+02
3.500000000000000000e+02,2.639600356033065864e+01,1.630109771901020395e+02
3.510000000000000000e+02,2.636258482718564622e+01,1.626608441944071899e+02
3.520000000000000000e+02,2.632930921458045148e+01,1.623144829336046087e+02
3.530000000000000000e+02,2.629617507536320886e+01,1.619694794093379073e+02
3.540000000000000000e+02,2.626318160325059736e+01,1.616255828115579334e+02
3.550000000000000000e+02,2.623032776492888019e+01,1.612860282581226556e+02
3.560000000000000000e+02,2.619761166221493198e+01,1.609483434349434390e+02
3.570000000000000000e+02,2.616503229540546727e+01,1.606130582353603984e+02
3.580000000000000000e+02,2.613258834001324615e+01,1.602797557412170306e+02
3.590000000000000000e+02,2.610027886325106650e+01,1.599475051370423841e+02
3.600000000000000000e+02,2.606810316247967663e+01,1.596163871724746457e+02
3.610000000000000000e+02,2.603606027963829916e+01,1.592884847363923200e+02
3.620000000000000000e+02,2.600414887774984507e+01,1.589616169669065187e+02
3.630000000000000000e+02,2.597236824627004026e+01,1.586361900917154060e+02
3.640000000000000000e+02,2.594071736623099866e+01,1.583137682591604118e+02
3.650000000000000000e+02,2.590919495836602238e+01,1.579924621774547404e+02
3.660000000000000000e+02,2.587780033776772015e+01,1.576721665408630599e+02
3.670000000000000000e+02,2.584653276453201087e+01,1.573544369031309031e+02
3.680000000000000000e+02,2.581539082587699951e+01,1.570391645942849550e+02
3.690000000000000000e+02,2.578437351826206836e+01,1.567248751167663841e+02
3.700000000000000000e+02,2.575348020448962671e+01,1.564115649064474098e+02
3.710000000000000000e+02,2.572271025109265352e+01,1.560992304182490216e+02
3.720000000000000000e+02,2.569206302830871635e+01,1.557878681259688278e+02
3.730000000000000000e+02,2.566153790714034955e+01,1.554775223787680432e+02
3.740000000000000000e+02,2.563113424475615432e+01,1.551681705032328864e+02
3.750000000000000000e+02,2.560085141591777358e+01,1.548597795190647446e+02
3.760000000000000000e+02,2.557068880587046067e+01,1.545523459808088376e+02
3.770000000000000000e+02,2.554064580343258584e+01,1.542458664610667824e+02
3.780000000000000000e+02,2.551072180097110831e+01,1.539403375503351299e+02
3.790000000000000000e+02,2.548091616880930133e+01,1.536362292015870423e+02
3.800000000000000000e+02,2.545122809262494101e+01,1.533334369328973708e+02
3.810000000000000000e+02,2.542165683526401310e+01,1.530329237259221316e+02
3.820000000000000000e+02,2.539220108715617741e+01,1.527352094948487320e+02
3.830000000000000000e+02,2.536285977430638638e+01,1.524389212870682115e+02
3.840000000000000000e+02,2.533363210388605680e+01,1.521438781839139551e+02
3.850000000000000000e+02,2.530451743280242383e+01,1.518497251345621919e+02
3.860000000000000000e+02,2.527551520079775216e+01,1.515566445848758406e+02
3.870000000000000000e+02,2.524662451656190143e+01,1.512672005870165322e+02
3.880000000000000000e+02,2.521784402196996666e+01,1.509787676932808438e+02
3.890000000000000000e+02,2.518917315030458681e+01,1.506911839265660831e+02
3.900000000000000000e+02,2.516061137062168385e+01,1.504044464997189152e+02
3.910000000000000000e+02,2.513215815487282967e+01,1.501185526380880617e+02
3.920000000000000000e+02,2.510381297788703137e+01,1.498334995794321003e+02
3.930000000000000000e+02,2.507557531735271539e+01,1.495492845738272365e+02
3.940000000000000000e+02,2.504744465379755169e+01,1.492659108439618478e+02
3.950000000000000000e+02,2.501942028817137853e+01,1.489852909042371323e+02
3.960000000000000000e+02,2.499150113811489859e+01,1.487060534486900849e+02
3.970000000000000000e+02,2.496368630864789750e+01,1.484297569697811241e+02
3.980000000000000000e+02,2.493597468797624117e+01,1.481544210697000210e+02
3.990000000000000000e+02,2.490836569112698839e+01,1.478806694212288733e+02
4.000000000000000000e+02,2.488085858158695629e+01,1.476078280550864292e+02
4.010000000000000000e+02,2.485345285367808899e+01,1.473357756439911554e+02
4.020000000000000000e+02,2.482614802791238162e+01,1.470645095579244810e+02
4.030000000000000000e+02,2.479894362739290870e+01,1.467940271799832033e+02
4.040000000000000000e+02,2.477183917779716182e+01,1.465243259062590369e+02
4.050000000000000000e+02,2.474483413225394202e+01,1.462564728858908722e+02
4.060000000000000000e+02,2.471792762598250448e+01,1.459903765978780541e+02
4.070000000000000000e+02,2.469111878184060771e+01,1.457260498806078317e+02
4.080000000000000000e+02,2.466440688578246565e+01,1.454628107614864234e+02
4.090000000000000000e+02,2.463779134828649475e+01,1.452005502814649560e+02
4.100000000000000000e+02,2.461127167053426135e+01,1.449391817218838696e+02
4.110000000000000000e+02,2.458484724624971918e+01,1.446796209265509390e+02
4.120000000000000000e+02,2.455851735620311516e+01,1.444207894027007058e+02
4.130000000000000000e+02,2.453228156556047423e+01,1.441627438728090738e+02
4.140000000000000000e+02,2.450613937155107536e+01,1.439059192526157460e+02
4.150000000000000000e+02,2.448009015618056594e+01,1.436506521958016833e+02
4.160000000000000000e+02,2.445413317230918793e+01,1.433969749490121615e+02
4.170000000000000000e+02,2.442826770088871058e+01,1.431444619190529579e+02
4.180000000000000000e+02,2.440249322037637825e+01,1.428926577502490716e+02
4.190000000000000000e+02,2.437680931573009602e+01,1.426415599666309504e+02
4.200000000000000000e+02,2.435121556308977020e+01,1.423914795666077850e+02
4.210000000000000000e+02,2.432571139024235407e+01,1.421425837102833043e+02
4.220000000000000000e+02,2.430029618655809998e+01,1.418963966094090381e+02
4.230000000000000000e+02,2.427496867137182690e+01,1.416526802842348332e+02
4.240000000000000000e+02,2.424972806277184034e+01,1.414096294326592727e+02
4.250000000000000000e+02,2.422457395939500202e+01,1.411675954890832827e+02
4.260000000000000000e+02,2.419950581792307531e+01,1.409265940523943641e+02
4.270000000000000000e+02,2.417452317405825468e+01,1.406862523688944862e+02
4.280000000000000000e+02,2.414962568181152136e+01,1.404456960443782236e+02
4.290000000000000000e+02,2.412481338244004903e+01,1.402046619144842623e+02
4.300000000000000000e+02,2.410008615400460741e+01,1.399642923551390084e+02
4.310000000000000000e+02,2.407544361651289222e+01,1.397245850210391893e+02
4.320000000000000000e+02,2.405088537322415831e+01,1.394858231246394098e+02
4.330000000000000000e+02,2.402641095210996269e+01,1.392478131007487434e+02
4.340000000000000000e+02,2.400201996142975602e+01,1.390104555183403079e+02
4.350000000000000000e+02,2.397771203066434254e+01,1.387737480962013308e+02
4.360000000000000000e+02,2.395348677595894671e+01,1.385379794702809590e+02
4.370000000000000000e+02,2.392934371789267800e+01,1.383030465015524726e+02
4.380000000000000000e+02,2.390528245175685740e+01,1.380688471705360882e+02
4.390000000000000000e+02,2.388130251230941781e+01,1.378363886490334949e+02
4.400000000000000000e+02,2.385740313347359987e+01,1.376053483170871914e+02
4.410000000000000000e+02,2.383358378648197018e+01,1.373749367878909879e+02
4.420000000000000000e+02,2.380984411971402537e+01,1.371452250619932727e+02
4.430000000000000000e+02,2.378618352642450873e+01,1.369187544647141124e+02
4.440000000000000000e+02,2.376260098568323542e+01,1.366929595787069047e+02
4.450000000000000000e+02,2.373909605639582310e+01,1.364696242558464121e+02
4.460000000000000000e+02,2.371566747766314620e+01,1.362503588780224959e+02
4.470000000000000000e+02,2.369231407133867506e+01,1.360324778762633287e+02
4.480000000000000000e+02,2.366903514399775332e+01,1.358164062976634057e+02
4.490000000000000000e+02,2.364583003402087513e+01,1.356018084978656475e+02
4.500000000000000000e+02,2.362269808673034177e+01,1.353884794640762266e+02
4.510000000000000000e+02,2.359963884583272531e+01,1.351757065900746397e+02
4.520000000000000000e+02,2.357665190188174975e+01,1.349648266733881599e+02
4.530000000000000000e+02,2.355373658815068794e+01,1.347545947945418447e+02
4.540000000000000000e+02,2.353089258976956799e+01,1.345449078334867465e+02
4.550000000000000000e+02,2.350811947239747113e+01,1.343378733065818267e+02
4.560000000000000000e+02,2.348541626874527211e+01,1.341321286808580737e+02
4.570000000000000000e+02,2.346278252078675663e+01,1.339274249551968978e+02
4.580000000000000000e+02,2.344021749659793485e+01,1.337263835750114822e+02
4.590000000000000000e+02,2.341772013456597179e+01,1.335259463266542923e+02
4.600000000000000000e+02,2.339529014684406860e+01,1.333259995585264335e+02
4.610000000000000000e+02,2.337292726793001307e+01,1.331265416893734823e+02
4.620000000000000000e+02,2.335063122666941382e+01,1.329278213909408919e+02
4.630000000000000000e+02,2.332840148617595943e+01,1.327320105286209753e+02
4.640000000000000000e+02,2.330623713148985843e+01,1.325369391686724327e+02
4.650000000000000000e+02,2.328413784276198939e+01,1.323427866066323020e+02
4.660000000000000000e+02,2.326210318113880859e+01,1.321496098135464479e+02
4.670000000000000000e+02,2.324013277058132942e+01,1.319570087592712184e+02
4.680000000000000000e+02,2.321822634026165488e+01,1.317648630648661481e+02
4.690000000000000000e+02,2.319638364597484070e+01,1.315731713494723465e+02
4.700000000000000000e+02,2.317460444463272040e+01,1.313819322394145388e+02
4.710000000000000000e+02,2.315288849163887974e+01,1.311913492399835661e+02
4.720000000000000000e+02,2.313123537441484956e+01,1.310023341080198804e+02
4.730000000000000000e+02,2.310964459203960075e+01,1.308137616971761474e+02
4.740000000000000000e+02,2.308811590899461663e+01,1.306256306804860401e+02
4.750000000000000000e+02,2.306664908814537895e+01,1.304380622501847142e+02
4.760000000000000000e+02,2.304524382353274348e+01,1.302512688577842823e+02
4.770000000000000000e+02,2.302389967624216993e+01,1.300666995762966280e+02
4.780000000000000000e+02,2.300261593144772121e+01,1.298827579750044663e+02
4.790000000000000000e+02,2.298139233027138317e+01,1.296992376159453499e+02
4.800000000000000000e+02,2.296022865019334347e+01,1.295161372973449545e+02
4.810000000000000000e+02,2.293912463879022212e+01,1.293338857849515477e+02
4.820000000000000000e+02,2.291807995754347616e+01,1.291521105489278227e+02
4.830000000000000000e+02,2.289709437698751060e+01,1.289707529316349905e+02
4.840000000000000000e+02,2.287616767854370892e+01,1.287898117267505995e+02
4.850000000000000000e+02,2.285529964459543351e+01,1.286092857335232225e+02
4.860000000000000000e+02,2.283449005848274282e+01,1.284291737567297389e+02
4.870000000000000000e+02,2.281373870449710850e+01,1.282494746066328730e+02
4.880000000000000000e+02,2.279304536095185441e+01,1.280703979769803027e+02
4.890000000000000000e+02,2.277240970258711172e+01,1.278924277511969763e+02
4.900000000000000000e+02,2.275183127445661668e+01,1.277155463532191391e+02
4.910000000000000000e+02,2.273130971089465291e+01,1.275391103087775093e+02
4.920000000000000000e+02,2.271084479571399228e+01,1.273630745952118417e+02
4.930000000000000000e+02,2.269043632237160324e+01,1.271874380531017295e+02
4.940000000000000000e+02,2.267008408522685770e+01,1.270121995286655903e+02
4.950000000000000000e+02,2.264978787953644357e+01,1.268373578737112268e+02
4.960000000000000000e+02,2.262954749758549866e+01,1.266629776443726882e+02
4.970000000000000000e+02,2.260936271605778103e+01,1.264890161118765519e+02
4.980000000000000000e+02,2.258923332843747644e+01,1.263154536046170620e+02
4.990000000000000000e+02,2.256915911916577144e+01,1.261424392225854660e+02
5.000000000000000000e+02,2.254913985135769394e+01,1.259698153933676821e+02
5.010000000000000000e+02,2.252917532597613004e+01,1.257975810077279135e+02
5.020000000000000000e+02,2.250926534484342412e+01,1.256257349616449801e+02
5.030000000000000000e+02,2.248940971063665017e+01,1.254542761562670563e+02
5.040000000000000000e+02,2.246960822688295778e+01,1.252832034978676319e+02
5.050000000000000000e+02,2.244986069795492156e+01,1.251125158978011740e+02
5.060000000000000000e+02,2.243016692906591913e+01,1.249422122724599689e+02
5.070000000000000000e+02,2.241052665167997660e+01,1.247735681530731000e+02
5.080000000000000000e+02,2.239093928630544994e+01,1.246057423689860002e+02
5.090000000000000000e+02,2.237140456555770029e+01,1.244382904809280035e+02
5.100000000000000000e+02,2.235192230163805149e+01,1.242711854497555919e+02
5.110000000000000000e+02,2.233249237083198224e+01,1.241037704183326582e+02
5.120000000000000000e+02,2.231311474426138375e+01,1.239367285275461228e+02
5.130000000000000000e+02,2.229378922851602951e+01,1.237701972531969972e+02
5.140000000000000000e+02,2.227451558997702463e+01,1.236041242639453941e+02
5.150000000000000000e+02,2.225529362761154317e+01,1.234384190788371001e+02
5.160000000000000000e+02,2.223612315328129796e+01,1.232732043746110264e+02
5.170000000000000000e+02,2.221700393480564983e+01,1.231084909819068400e+02
5.180000000000000000e+02,2.219793576399633039e+01,1.229441405623149421e+02
5.190000000000000000e+02,2.217891846036560821e+01,1.227801520875012500e+02
5.200000000000000000e+02,2.215995184419322683e+01,1.226165245345389820e+02
5.210000000000000000e+02,2.214103573652203849e+01,1.224532568858509904e+02
5.220000000000000000e+02,2.212216995915364848e+01,1.222903481291533012e+02
5.230000000000000000e+02,2.210335433464423360e+01,1.221277972573990098e+02
5.240000000000000000e+02,2.208458868630022209e+01,1.219656032687239104e+02
5.250000000000000000e+02,2.206587283817412981e+01,1.218037651663917842e+02
5.260000000000000000e+02,2.204720661506039647e+01,1.216422819587414921e+02
5.270000000000000000e+02,2.202858984249124319e+01,1.214811526591344517e+02
5.280000000000000000e+02,2.201002233425350596e+01,1.213206609110238361e+02
5.290000000000000000e+02,2.199150381756012607e+01,1.211607315675971819e+02
5.300000000000000000e+02,2.197303408171291750e+01,1.210011516817503150e+02
5.310000000000000000e+02,2.195461295569409188e+01,1.208419237686161267e+02
5.320000000000000000e+02,2.193624026855462716e+01,1.206830616787974293e+02
5.330000000000000000e+02,2.191791583734226734e+01,1.205246400713039776e+02
5.340000000000000000e+02,2.189963947343390771e+01,1.203665630746545929e+02
5.350000000000000000e+02,2.188141100936478267e+01,1.202088297388774265e+02
5.360000000000000000e+02,2.186323053066952227e+01,1.200481591842415128e+02
5.370000000000000000e+02,2.184509859710986035e+01,1.198879441670364372e+02
5.380000000000000000e+02,2.182701501831834179e+01,1.197280795949885004e+02
5.390000000000000000e+02,2.180897962419323122e+01,1.195685644618024810e+02
5.400000000000000000e+02,2.179099224860952688e+01,1.194093526904929519e+02
5.410000000000000000e+02,2.177305270854001407e+01,1.192508189048417790e+02
5.420000000000000000e+02,2.175516076138153565e+01,1.190926329657932428e+02
5.430000000000000000e+02,2.173731621613086773e+01,1.189351275360036055e+02
5.440000000000000000e+02,2.171951881283906260e+01,1.187784040657037536e+02
5.450000000000000000e+02,2.170176821782448684e+01,1.186225262120877773e+02
5.460000000000000000e+02,2.168406417197151015e+01,1.184669862553738966e+02
5.470000000000000000e+02,2.166640651347786317e+01,1.183117832046805802e+02
5.480000000000000000e+02,2.164879508123241791e+01,1.181569160752379162e+02
5.490000000000000000e+02,2.163122971481094581e+01,1.180023838883078895e+02
5.500000000000000000e+02,2.161371025447200012e+01,1.178481856711062932e+02
5.510000000000000000e+02,2.159623654115275215e+01,1.176943204567257197e+02
5.520000000000000000e+02,2.157880841646490566e+01,1.175407872840598316e+02
5.530000000000000000e+02,2.156142572269065738e+01,1.173875851977295497e+02
5.540000000000000000e+02,2.154408829856821939e+01,1.172348548705400901e+02
5.550000000000000000e+02,2.152679592836861744e+01,1.170826646395582600e+02
5.560000000000000000e+02,2.150954841085958336e+01,1.169309481389633447e+02
5.570000000000000000e+02,2.149234553679175974e+01,1.167797141185602214e+02
5.580000000000000000e+02,2.147518712329321389e+01,1.166288080627567609e+02
5.590000000000000000e+02,2.145807301662434341e+01,1.164782290112493399e+02
5.600000000000000000e+02,2.144100306370004461e+01,1.163279760095200999e+02
5.610000000000000000e+02,2.142397711208578315e+01,1.161780481087627948e+02
5.620000000000000000e+02,2.140699500999367899e+01,1.160284443658101452e+02
5.630000000000000000e+02,2.139005660627863037e+01,1.158791638430625142e+02
5.640000000000000000e+02,2.137316175043449817e+01,1.157302056084176911e+02
5.650000000000000000e+02,2.135631029259029390e+01,1.155815687352019694e+02
5.660000000000000000e+02,2.133950208350644218e+01,1.154332523021026589e+02
5.670000000000000000e+02,2.132273697457104689e+01,1.152852553931013517e+02
5.680000000000000000e+02,2.130601481694638366e+01,1.151377224350117388e+02
5.690000000000000000e+02,2.128933529227301946e+01,1.149921643216331688e+02
5.700000000000000000e+02,2.127269790024959661e+01,1.148470509908035808e+02
5.710000000000000000e+02,2.125610244489546119e+01,1.147024289756053577e+02
5.720000000000000000e+02,2.123954874961654227e+01,1.145581207665133832e+02
5.730000000000000000e+02,2.122303667138641003e+01,1.144141253673760019e+02
5.740000000000000000e+02,2.120656606780660169e+01,1.142704417891171289e+02
5.750000000000000000e+02,2.119013679710249320e+01,1.141270690496393740e+02
5.760000000000000000e+02,2.117374871811907866e+01,1.139840061737274794e+02
5.770000000000000000e+02,2.115740169031687401e+01,1.138412521929545846e+02
5.780000000000000000e+02,2.114109557376784210e+01,1.136988061455898276e+02
5.790000000000000000e+02,2.112483022915139586e+01,1.135566670765072814e+02
5.800000000000000000e+02,2.110860538648944029e+01,1.134169601781420624e+02
5.810000000000000000e+02,2.109242038548518750e+01,1.132779224066550512e+02
5.820000000000000000e+02,2.107627503310617456e+01,1.131391870144354073e+02
5.830000000000000000e+02,2.106016919468694581e+01,1.130007529616135002e+02
5.840000000000000000e+02,2.104410273617367721e+01,1.128626192166785103e+02
5.850000000000000000e+02,2.102807552383692524e+01,1.127248416576526324e+02
5.860000000000000000e+02,2.101208733997417255e+01,1.125884264636807899e+02
5.870000000000000000e+02,2.099613773779980264e+01,1.124533223847507060e+02
5.880000000000000000e+02,2.098022638188946232e+01,1.123185108537171146e+02
5.890000000000000000e+02,2.096435314368956071e+01,1.121839908805322921e+02
5.900000000000000000e+02,2.094851789522305907e+01,1.120497614823002124e+02
5.910000000000000000e+02,2.093272050714743671e+01,1.119160582178714378e+02
5.920000000000000000e+02,2.091696064654502152e+01,1.117844516801179964e+02
5.930000000000000000e+02,2.090123781142956361e+01,1.116532431544523689e+02
5.940000000000000000e+02,2.088555184168950163e+01,1.115227146248648324e+02
5.950000000000000000e+02,2.086990247536935428e+01,1.113928564862674051e+02
5.960000000000000000e+02,2.085428952433000305e+01,1.112632643063777920e+02
5.970000000000000000e+02,2.083871287172370046e+01,1.111339372452398067e+02
5.980000000000000000e+02,2.082317237727173165e+01,1.110054617883956638e+02
5.990000000000000000e+02,2.080766773853861906e+01,1.108776681847403012e+02
6.000000000000000000e+02,2.079219882180333201e+01,1.107492596662762026e+02
6.010000000000000000e+02,2.077676572733295046e+01,1.106209410628464980e+02
6.020000000000000000e+02,2.076136836781386918e+01,1.104928738141959315e+02
6.030000000000000000e+02,2.074600663196851613e+01,1.103650571516121914e+02
6.040000000000000000e+02,2.073068040492445618e+01,1.102376758328638999e+02
6.050000000000000000e+02,2.071538944909998747e+01,1.101116201937033594e+02
6.060000000000000000e+02,2.070013342850830540e+01,1.099858694837727171e+02
6.070000000000000000e+02,2.068491222659885764e+01,1.098603644281145222e+02
6.080000000000000000e+02,2.066972573570980387e+01,1.097351042780807404e+02
6.090000000000000000e+02,2.065457384861835166e+01,1.096100882902818512e+02
6.100000000000000000e+02,2.063945645853791078e+01,1.094853157265153953e+02
6.110000000000000000e+02,2.062437345911526521e+01,1.093607858536957025e+02
6.120000000000000000e+02,2.060932474442783402e+01,1.092364979437847978e+02
6.130000000000000000e+02,2.059431020898087894e+01,1.091124512737247017e+02
6.140000000000000000e+02,2.057932974770481493e+01,1.089886451253707946e+02
6.150000000000000000e+02,2.056438325595254568e+01,1.088650787854266895e+02
6.160000000000000000e+02,2.054947062949676706e+01,1.087417515453795147e+02
6.170000000000000000e+02,2.053459176452735946e+01,1.086186627014370600e+02
6.180000000000000000e+02,2.051974655764880495e+01,1.084958115544659307e+02
6.190000000000000000e+02,2.050493490587759382e+01,1.083731974099302136e+02
6.200000000000000000e+02,2.049015670663970923e+01,1.082508195778319617e+02
6.210000000000000000e+02,2.047541185776808703e+01,1.081286773726522341e+02
6.220000000000000000e+02,2.046070025750015375e+01,1.080067701132932285e+02
6.230000000000000000e+02,2.044602180447536099e+01,1.078850971230217652e+02
6.240000000000000000e+02,2.043137639773274117e+01,1.077636577294130689e+02
6.250000000000000000e+02,2.041676393670850942e+01,1.076424512642963123e+02
6.260000000000000000e+02,2.040218432123368686e+01,1.075214770637005302e+02
6.270000000000000000e+02,2.038763745153173090e+01,1.074007344678016551e+02
6.280000000000000000e+02,2.037312322821620825e+01,1.072802228208705628e+02
6.290000000000000000e+02,2.035864155228848560e+01,1.071599414712217566e+02
6.300000000000000000e+02,2.034419232513545595e+01,1.070398897711632173e+02
6.310000000000000000e+02,2.032977544852725416e+01,1.069200670769469355e+02
6.320000000000000000e+02,2.031539082461503654e+01,1.068004727487202956e+02
6.330000000000000000e+02,2.030103832022016519e+01,1.066820427786996675e+02
6.340000000000000000e+02,2.028671754747301748e+01,1.065645503192671839e+02
6.350000000000000000e+02,2.027242829518820599e+01,1.064472773854519545e+02
6.360000000000000000e+02,2.025817046985325831e+01,1.063302234064375398e+02
6.370000000000000000e+02,2.024394397830253212e+01,1.062133878140869854e+02
6.380000000000000000e+02,2.022974872771552768e+01,1.060967700429201841e+02
6.390000000000000000e+02,2.021558462561509728e+01,1.059803695300917497e+02
6.400000000000000000e+02,2.020145157986576478e+01,1.058641857153692314e+02
6.410000000000000000e+02,2.018734949867199191e+01,1.057482180411117128e+02
6.420000000000000000e+02,2.017327829057648003e+01,1.056324659522481539e+02
6.430000000000000000e+02,2.015923786445850041e+01,1.055169288962566156e+02
6.440000000000000000e+02,2.014522812953221731e+01,1.054016063231432554e+02
6.450000000000000000e+02,2.013124899534499690e+01,1.052864976854218639e+02
6.460000000000000000e+02,2.011730037177581565e+01,1.051716024380936432e+02
6.470000000000000000e+02,2.010338216903356567e+01,1.050569200386267994e+02
6.480000000000000000e+02,2.008949429765547734e+01,1.049424499469371028e+02
6.490000000000000000e+02,2.007563666850545658e+01,1.048281916253679071e+02
6.500000000000000000e+02,2.006180919277253949e+01,1.047141445386710359e+02
6.510000000000000000e+02,2.004801178196925804e+01,1.046003081539875268e+02
6.520000000000000000e+02,2.003424434793007336e+01,1.044866819408285892e+02
6.530000000000000000e+02,2.002050680280982320e+01,1.043732653710571299e+02
6.540000000000000000e+02,2.000679905908214451e+01,1.042600579188689807e+02
6.550000000000000000e+02,1.999312102953794223e+01,1.041470590607748505e+02
6.560000000000000000e+02,1.997947262728384032e+01,1.040342682755820505e+02
6.570000000000000000e+02,1.996585376574068604e+01,1.039216850443767441e+02
6.580000000000000000e+02,1.995226435864198322e+01,1.038093088505062127e+02
6.590000000000000000e+02,1.993870432001876836e+01,1.036971489783671103e+02
6.600000000000000000e+02,1.992517353180331696e+01,1.035856429723941972e+02
6.610000000000000000e+02,1.991167182192649321e+01,1.034743404178950072e+02
6.620000000000000000e+02,1.989819910614023257e+01,1.033632469138449608e+02
6.630000000000000000e+02,1.988475527755842620e+01,1.032526779120768481e+02
6.640000000000000000e+02,1.987134019036184540e+01,1.031423087923948856e+02
6.650000000000000000e+02,1.985795376192882955e+01,1.030321390660067209e+02
6.660000000000000000e+02,1.984459590993083467e+01,1.029221682463718537e+02
6.670000000000000000e+02,1.983126655233096969e+01,1.028123958491802910e+02
6.680000000000000000e+02,1.981796560456105638e+01,1.027028751911747548e+02
6.690000000000000000e+02,1.980469297260211903e+01,1.025935647459524347e+02
6.700000000000000000e+02,1.979144857347909436e+01,1.024844515834778633e+02
6.710000000000000000e+02,1.977823232626710492e+01,1.023755352255189450e+02
6.720000000000000000e+02,1.976504415032680839e+01,1.022668151960263003e+02
6.730000000000000000e+02,1.975188396530304757e+01,1.021582910211128592e+02
6.740000000000000000e+02,1.973875169112343997e+01,1.020499622290329427e+02
6.750000000000000000e+02,1.972564724799705260e+01,1.019418283501627371e+02
6.760000000000000000e+02,1.971257055641305200e+01,1.018338889169799444e+02
6.770000000000000000e+02,1.969952153713935061e+01,1.017261434640445827e+02
6.780000000000000000e+02,1.968650011111096276e+01,1.016186338672761167e+02
6.790000000000000000e+02,1.967350609288967789e+01,1.015127768347492605e+02
6.800000000000000000e+02,1.966053912778924229e+01,1.014071043365558040e+02
6.810000000000000000e+02,1.964759913798063451e+01,1.013017699266131473e+02
6.820000000000000000e+02,1.963468597661419679e+01,1.011970562282868400e+02
6.830000000000000000e+02,1.962179949290660019e+01,1.010925248222396959e+02
6.840000000000000000e+02,1.960893961290788567e+01,1.009881753003459579e+02
6.850000000000000000e+02,1.959610626291557622e+01,1.008840072560476955e+02
6.860000000000000000e+02,1.958329936947353289e+01,1.007800202843423989e+02
6.870000000000000000e+02,1.957051885937095648e+01,1.006762139817712125e+02
6.880000000000000000e+02,1.955776464854073637e+01,1.005728054753761853e+02
6.890000000000000000e+02,1.954503661433291839e+01,1.004696285233521564e+02
6.900000000000000000e+02,1.953233467735560325e+01,1.003666298199702425e+02
6.910000000000000000e+02,1.951965876581598636e+01,1.002638089710741411e+02
6.920000000000000000e+02,1.950700880815920968e+01,1.001611655840124655e+02
6.930000000000000000e+02,1.949438473306733854e+01,1.000586992676266931e+02
6.940000000000000000e+02,1.948178646945831360e+01,9.995640963223931408e+01
6.950000000000000000e+02,1.946921393380737086e+01,9.985466631937092075e+01
6.960000000000000000e+02,1.945666694439741207e+01,9.975350410748335150e+01
6.970000000000000000e+02,1.944414531548513736e+01,9.965314279901886607e+01
6.980000000000000000e+02,1.943164886553232051e+01,9.955294962148670379e+01
6.990000000000000000e+02,1.941917752708557288e+01,9.945292421243962622e+01
7.000000000000000000e+02,1.940673123290929070e+01,9.935306621089057444e+01
7.010000000000000000e+02,1.939430991224838863e+01,9.925345799930826729e+01
7.020000000000000000e+02,1.938191347795983788e+01,9.915404790551028213e+01
7.030000000000000000e+02,1.936954185910065718e+01,9.905480353567564578e+01
7.040000000000000000e+02,1.935719498950587081e+01,9.895572453434746762e+01
7.050000000000000000e+02,1.934487280322308678e+01,9.885681054754755337e+01
7.060000000000000000e+02,1.933257523451157667e+01,9.875806122276205201e+01
7.070000000000000000e+02,1.932030221784130575e+01,9.865947620892683290e+01
7.080000000000000000e+02,1.930805368789209098e+01,9.856105523060924156e+01
7.090000000000000000e+02,1.929582953452872118e+01,9.846352303800784966e+01
7.100000000000000000e+02,1.928362955827491376e+01,9.836615211836198114e+01
7.110000000000000000e+02,1.927145369528547647e+01,9.826894211210344565e+01
7.120000000000000000e+02,1.925930188192252501e+01,9.817189266140921688e+01
7.130000000000000000e+02,1.924717405475457710e+01,9.807500341018184997e+01
7.140000000000000000e+02,1.923507015055554703e+01,9.797827400402968578e+01
7.150000000000000000e+02,1.922299010630377225e+01,9.788170409024795049e+01
7.160000000000000000e+02,1.921093385918110741e+01,9.778529331779978406e+01
7.170000000000000000e+02,1.919890134334846721e+01,9.768915659423294073e+01
7.180000000000000000e+02,1.918689245892649708e+01,9.759331606083719635e+01
7.190000000000000000e+02,1.917490712234708994e+01,9.749763247848564163e+01
7.200000000000000000e+02,1.916294527199996622e+01,9.740210550318298033e+01
7.210000000000000000e+02,1.915100684647245188e+01,9.730673479255166569e+01
7.220000000000000000e+02,1.913909178361119245e+01,9.721160757727349733e+01
7.230000000000000000e+02,1.912719994855135397e+01,9.711790332777120227e+01
7.240000000000000000e+02,1.911533090649217215e+01,9.702590561818107062e+01
7.250000000000000000e+02,1.910348431920470347e+01,9.693424440347700966e+01
7.260000000000000000e+02,1.909166008950587923e+01,9.684309518614590218e+01
7.270000000000000000e+02,1.907985804991291801e+01,9.675250633650428256e+01
7.280000000000000000e+02,1.906807804895700542e+01,9.666248345894415195e+01
7.290000000000000000e+02,1.905631995116666388e+01,9.657264271325351501e+01
7.300000000000000000e+02,1.904458366963982385e+01,9.648345441837606984e+01
7.310000000000000000e+02,1.903286904300421867e+01,9.639448762007089044e+01
7.320000000000000000e+02,1.902117600705950551e+01,9.630565753668038553e+01
7.330000000000000000e+02,1.900950450876224451e+01,9.621696389605958188e+01
7.340000000000000000e+02,1.899785449522649827e+01,9.612840642708111716e+01
7.350000000000000000e+02,1.898622591372324564e+01,9.603998485962631548e+01
7.360000000000000000e+02,1.897461871167968894e+01,9.595169892457685989e+01
7.370000000000000000e+02,1.896303283667869977e+01,9.586354835380610950e+01
7.380000000000000000e+02,1.895146823645815104e+01,9.577553288017075772e+01
7.390000000000000000e+02,1.893992485891033439e+01,9.568765223750244786e+01
7.400000000000000000e+02,1.892840265208133133e+01,9.559990616059984347e+01
7.410000000000000000e+02,1.891690156417043411e+01,9.551229438522041448e+01
7.420000000000000000e+02,1.890542154352951698e+01,9.542481664807259278e+01
7.430000000000000000e+02,1.889396253866246411e+01,9.533747268680791365e+01
7.440000000000000000e+02,1.888252449822348566e+01,9.525026507864751579e+01
7.450000000000000000e+02,1.887110734305533910e+01,9.516364268443787466e+01
7.460000000000000000e+02,1.885971094126077574e+01,9.507715143849415540e+01
7.470000000000000000e+02,1.884833524258593229e+01,9.499079108219635259e+01
7.480000000000000000e+02,1.883698019692433689e+01,9.490456135796030424e+01
7.490000000000000000e+02,1.882564575431632647e+01,9.481846200922737466e+01
7.500000000000000000e+02,1.881433186494840726e+01,9.473249278045416588e+01
7.510000000000000000e+02,1.880303847915271120e+01,9.464665341710279733e+01
7.520000000000000000e+02,1.879176554740636718e+01,9.456094366563092990e+01
7.530000000000000000e+02,1.878051302033096093e+01,9.447536327348217355e+01
7.540000000000000000e+02,1.876928084869190627e+01,9.438991198907648084e+01
7.550000000000000000e+02,1.875806898339790862e+01,9.430458956180098085e+01
7.560000000000000000e+02,1.874687737550037170e+01,9.421939574200051482e+01
7.570000000000000000e+02,1.873570597619284683e+01,9.413433028096874011e+01
7.580000000000000000e+02,1.872455473681044680e+01,9.404939293093913477e+01
7.590000000000000000e+02,1.871342360882931999e+01,9.396458344507614413e+01
7.600000000000000000e+02,1.870231254386605357e+01,9.387990157746658326e+01
7.610000000000000000e+02,1.869122149367716190e+01,9.379534708311101099e+01
7.620000000000000000e+02,1.868015041015851807e+01,9.371091971791553021e+01
7.630000000000000000e+02,1.866909924534480325e+01,9.362661923868316194e+01
7.640000000000000000e+02,1.865806795140899155e+01,9.354244540310600087e+01
7.650000000000000000e+02,1.864705648066177091e+01,9.345839796975698732e+01
7.660000000000000000e+02,1.863606478555105994e+01,9.337447669808213391e+01
7.670000000000000000e+02,1.862509281866145727e+01,9.329068134839261006e+01
7.680000000000000000e+02,1.861414053271368729e+01,9.320701168185706820e+01
7.690000000000000000e+02,1.860320788056413832e+01,9.312346746049421142e+01
7.700000000000000000e+02,1.859229481520427285e+01,9.304004844716511968e+01
7.710000000000000000e+02,1.858140128976017280e+01,9.295675440556610170e+01
7.720000000000000000e+02,1.857052725749199240e+01,9.287358510022137636e+01
7.730000000000000000e+02,1.855967267112739805e+01,9.279056860895535408e+01
7.740000000000000000e+02,1.854883747480796430e+01,9.270771830802848967e+01
7.750000000000000000e+02,1.853802161161110007e+01,9.262520105629704403e+01
7.760000000000000000e+02,1.852722496026910903e+01,9.254319585796639558e+01
7.770000000000000000e+02,1.851644741519011106e+01,9.246131102158517479e+01
7.780000000000000000e+02,1.850568893145054616e+01,9.237954632265896748e+01
7.790000000000000000e+02,1.849494946425338782e+01,9.229790153749998183e+01
7.800000000000000000e+02,1.848422896892770240e+01,9.221637644322028393e+01
7.810000000000000000e+02,1.847352740092811985e+01,9.213497081772493402e+01
7.820000000000000000e+02,1.846284471583441444e+01,9.205368443970543524e+01
7.830000000000000000e+02,1.845218086935098256e+01,9.197251708863305453e+01
7.840000000000000000e+02,1.844153581730640923e+01,9.189146854475238513e+01
7.850000000000000000e+02,1.843090951565298496e+01,9.181053858907492327e+01
7.860000000000000000e+02,1.842030192046625814e+01,9.172972700337274432e+01
7.870000000000000000e+02,1.840971298794454825e+01,9.164903357017232111e+01
7.880000000000000000e+02,1.839914267440851958e+01,9.156845807274835636e+01
7.890000000000000000e+02,1.838859093630070873e+01,9.148800029511761522e+01
7.900000000000000000e+02,1.837805773018508759e+01,9.140766002203312723e+01
7.910000000000000000e+02,1.836754301274658374e+01,9.132743703897813248e+01
7.920000000000000000e+02,1.835704674079067900e+01,9.124733113216029778e+01
7.930000000000000000e+02,1.834656887124292624e+01,9.116734208850601817e+01
7.940000000000000000e+02,1.833610936114853729e+01,9.108746969565467566e+01
7.950000000000000000e+02,1.832566816767192464e+01,9.100771374195305441e+01
7.960000000000000000e+02,1.831524524809628574e+01,9.092807401644981269e+01
7.970000000000000000e+02,1.830484055982315184e+01,9.084855030889004013e+01
7.980000000000000000e+02,1.829445406037197230e+01,9.076914240970992864e+01
7.990000000000000000e+02,1.828408567986318545e+01,9.069053876916845525e+01
8.000000000000000000e+02,1.827373521777937881e+01,9.061234341736584952e+01
8.010000000000000000e+02,1.826340259432905100e+01,9.053425857656669962e+01
8.020000000000000000e+02,1.825308776895029439e+01,9.045628406200782479e+01
8.030000000000000000e+02,1.824279070118837964e+01,9.037841968940178106e+01
8.040000000000000000e+02,1.823251132133108143e+01,9.030143383679890690e+01
8.050000000000000000e+02,1.822224938408151829e+01,9.022535581115803893e+01
8.060000000000000000e+02,1.821200472832951434e+01,9.014938361938180833e+01
8.070000000000000000e+02,1.820177731550329980e+01,9.007351707622731851e+01
8.080000000000000000e+02,1.819156710383358089e+01,8.999781728241373457e+01
8.090000000000000000e+02,1.818137404401893775e+01,8.992222590726457554e+01
8.100000000000000000e+02,1.817119809746620618e+01,8.984673951942485814e+01
8.110000000000000000e+02,1.816103922606123788e+01,8.977135793634990080e+01
8.120000000000000000e+02,1.815089739179092376e+01,8.969608097610621655e+01
8.130000000000000000e+02,1.814077255674283862e+01,8.962090845736680933e+01
8.140000000000000000e+02,1.813066468310486812e+01,8.954584019940703854e+01
8.150000000000000000e+02,1.812057373316487485e+01,8.947087602210021373e+01
8.160000000000000000e+02,1.811049966931032884e+01,8.939601574591324606e+01
8.170000000000000000e+02,1.810044245138037766e+01,8.932140474822809040e+01
8.180000000000000000e+02,1.809040198923296572e+01,8.924720157313886659e+01
8.190000000000000000e+02,1.808037819994963868e+01,8.917310103939436772e+01
8.200000000000000000e+02,1.807037104664398441e+01,8.909910296462305723e+01
8.210000000000000000e+02,1.806038049252788724e+01,8.902520716711404702e+01
8.220000000000000000e+02,1.805040650091113008e+01,8.895141346581181097e+01
8.230000000000000000e+02,1.804044903520106402e+01,8.887772168031111164e+01
8.240000000000000000e+02,1.803050805890223174e+01,8.880413163085195549e+01
8.250000000000000000e+02,1.802058353561600157e+01,8.873064313831450534e+01
8.260000000000000000e+02,1.801067542836137392e+01,8.865735508294174849e+01
8.270000000000000000e+02,1.800078363517091873e+01,8.858487524689083159e+01
8.280000000000000000e+02,1.799090798615528186e+01,8.851300561328696404e+01
8.290000000000000000e+02,1.798104833414124570e+01,8.844142787652646120e+01
8.300000000000000000e+02,1.797120461993436535e+01,8.836994641784848170e+01
8.310000000000000000e+02,1.796137680923296998e+01,8.829856107308303592e+01
8.320000000000000000e+02,1.795156486782381933e+01,8.822727167860790587e+01
8.330000000000000000e+02,1.794176876158176626e+01,8.815607807134466611e+01
8.340000000000000000e+02,1.793198845646946182e+01,8.808498008875426422e+01
8.350000000000000000e+02,1.792222391853703911e+01,8.801397756883326906e+01
8.360000000000000000e+02,1.791247511392182190e+01,8.794307035010955076e+01
8.370000000000000000e+02,1.790274200884801203e+01,8.787225827163847214e+01
8.380000000000000000e+02,1.789302456962639454e+01,8.780154117299888128e+01
8.390000000000000000e+02,1.788332276265404275e+01,8.773091889428917511e+01
8.400000000000000000e+02,1.787363655441400567e+01,8.766039127612359039e+01
8.410000000000000000e+02,1.786396591147502733e+01,8.758995815962830989e+01
8.420000000000000000e+02,1.785431080049126251e+01,8.751961938643772498e+01
8.430000000000000000e+02,1.784467118820196063e+01,8.744937479869065555e+01
8.440000000000000000e+02,1.783504704143118147e+01,8.737922423902678304e+01
8.450000000000000000e+02,1.782543832708752873e+01,8.730916755058308354e+01
8.460000000000000000e+02,1.781584501216383742e+01,8.723920457699000508e+01
8.470000000000000000e+02,1.780626706373689316e+01,8.716933516236808543e+01
8.480000000000000000e+02,1.779670444896715864e+01,8.709955915132454152e+01
8.490000000000000000e+02,1.778715713509848584e+01,8.702987638894964562e+01
8.500000000000000000e+02,1.777762508945783893e+01,8.696028672081332900e+01
8.510000000000000000e+02,1.776810827945500293e+01,8.689078999296184236e+01
8.520000000000000000e+02,1.775860667258231373e+01,8.682138605191443048e+01
8.530000000000000000e+02,1.774912023561163821e+01,8.675211805620570260e+01
8.540000000000000000e+02,1.773964892035023411e+01,8.668304550331006908e+01
8.550000000000000000e+02,1.773019267932606624e+01,8.661406447935586073e+01
8.560000000000000000e+02,1.772075148058387484e+01,8.654517483838715464e+01
8.570000000000000000e+02,1.771132528709881626e+01,8.647649066793860584e+01
8.580000000000000000e+02,1.770191404499930954e+01,8.640792119558186357e+01
8.590000000000000000e+02,1.769251770884900665e+01,8.633977576628389272e+01
8.600000000000000000e+02,1.768313616682341660e+01,8.627193628177180074e+01
8.610000000000000000e+02,1.767376935971073948e+01,8.620418609768360341e+01
8.620000000000000000e+02,1.766441725655825934e+01,8.613652507174653294e+01
8.630000000000000000e+02,1.765507981728518061e+01,8.606920467885612425e+01
8.640000000000000000e+02,1.764575695480111150e+01,8.600209399132438648e+01
8.650000000000000000e+02,1.763644862333075736e+01,8.593507141948435901e+01
8.660000000000000000e+02,1.762715479248577211e+01,8.586813681840244783e+01
